Food_Code,Display_Name,Portion_Default,Portion_Amount,Portion_Display_Name,Factor,Increment,Multiplier,Grains,Whole_Grains,Vegetables,Orange_Vegetables,Drkgreen_Vegetables,Starchy_vegetables,Other_Vegetables,Fruits,Milk,Meats,Soy,Drybeans_Peas,Oils,Solid_Fats,Added_Sugars,Alcohol,Calories,Saturated_Fats
23559,Ground beef (95% lean),1,1,medium patty (4 per pound),1,0.5,0.5,0,0,0,0,0,0,0,0,0,3.6006,0,0,0,0,0,0,167.28,2.75196
23559,Ground beef (95% lean),2,1,ounce after cooking,1,1,1,0,0,0,0,0,0,0,0,0,0.9884,0,0,0,0,0,0,45.92,0.75544
23559,Ground beef (95% lean),2,1,ounce raw (cooked yield),1,1,1,0,0,0,0,0,0,0,0,0,0.9178,0,0,0,0,0,0,42.64,0.70148
23559,Ground beef (95% lean),2,1,large patty (3 per pound),1,0.5,0.5,0,0,0,0,0,0,0,0,0,4.7302,0,0,0,0,0,0,219.76,3.61532
23559,Ground beef (95% lean),2,1,medium meatball,1,1,1,0,0,0,0,0,0,0,0,0,0.9884,0,0,0,0,0,0,45.92,0.75544
23559,Ground beef (95% lean),2,1,small patty (5 per pound),1,0.5,0.5,0,0,0,0,0,0,0,0,0,2.8593,0,0,0,0,0,0,132.84,2.18538
23564,Ground beef (90% lean),1,1,medium patty (4 per pound),1,0.5,0.5,0,0,0,0,0,0,0,0,0,3.43827,0,0,0,13.74813,0,0,201.96,4.17582
23564,Ground beef (90% lean),2,1,ounce after cooking,1,1,1,0,0,0,0,0,0,0,0,0,0.97244,0,0,0,3.88836,0,0,57.12,1.18104
23564,Ground beef (90% lean),2,1,ounce raw (cooked yield),1,1,1,0,0,0,0,0,0,0,0,0,0.86825,0,0,0,3.47175,0,0,51,1.0545
23564,Ground beef (90% lean),2,1,large patty (3 per pound),1,0.5,0.5,0,0,0,0,0,0,0,0,0,4.54963,0,0,0,18.19197,0,0,267.24,5.52558
23564,Ground beef (90% lean),2,1,medium meatball,1,1,1,0,0,0,0,0,0,0,0,0,0.97244,0,0,0,3.88836,0,0,57.12,1.18104
23564,Ground beef (90% lean),2,1,small patty (5 per pound),1,0.5,0.5,0,0,0,0,0,0,0,0,0,2.74367,0,0,0,10.97073,0,0,161.16,3.33222
