Food_Code,Display_Name,Portion_Default,Portion_Amount,Portion_Display_Name,Factor,Increment,Multiplier,Grains,Whole_Grains,Vegetables,Orange_Vegetables,Drkgreen_Vegetables,Starchy_vegetables,Other_Vegetables,Fruits,Milk,Meats,Soy,Drybeans_Peas,Oils,Solid_Fats,Added_Sugars,Alcohol,Calories,Saturated_Fats
16126,"Tofu, firm",1,0.25,cup,0.25,0.25,1,0,0,0,0,0,0,0,0,0,0,0.99981,0,0,0,0,0,44.1,0.54369
16126,"Tofu, firm",2,0.25,block (3 oz),1,0.25,1,0,0,0,0,0,0,0,0,0,0,1.28547,0,0,0,0,0,56.7,0.69903
16129,Fried tofu,1,0.25,cup,0.25,0.25,1,0,0,0,0,0,0,0,0,0,0,0.98394,0,1.65609,0,0,0,168.02,1.80916
16129,Fried tofu,2,1,piece,1,1,1,0,0,0,0,0,0,0,0,0,0,0.20631,0,0.34724,0,0,0,35.23,0.37934
